3500B988061114040D4EBBF5,17403132917,40.455823,-100.674075,9/27/2018,21:28:47,10,Client 1,Farm 1,Field Name,444,1N0C690PPJ4070999       ,Vikki,9999,Farmer ID,17:28:47,8428,1,10.5,236,2363,40.456226,-100.674229,1,8428,9/27/2018,                                                
3500B988061113040D4EBBF4,17403132916,40.454682,-100.678433,9/27/2018,22:22:22,12,Client 1,Farm 1,Field Name,444,1N0C690PPJ4070999       ,Vikki,9999,Farmer ID,18:22:19,17212,2,11.6,231,2407,40.456141,-100.674396,2,8784,9/27/2018,8784
3500B988061112040D4EBBF3,17403132915,40.454806,-100.677404,9/27/2018,22:45:07,13,Client 1,Farm 1,Field Name,444,1N0C690PPJ4070999       ,Vikki,9999,Farmer ID,18:45:03,25820,3,12,226,2322,40.456057,-100.674033,3,8608,9/27/2018,                                                
3500B988061111040D4EBBF2,17403132914,40.455132,-100.676996,9/27/2018,23:07:14,11,Client 1,Farm 1,Field Name,444,1N0C690PPJ4070999       ,Vikki,9999,Farmer ID,19:07:11,35654,4,12.4,237,2637,40.456234,-100.674527,4,9834,9/27/2018,                                                
3500B988061110040D4EBBF1,17403132913,40.456314,-100.674057,9/27/2018,23:47:02,13,Client 1,Farm 1,Field Name,444,1N0C690PPJ4070999       ,Vikki,9999,Farmer ID,19:47:00,43290,5,12.2,204,2074,40.456077,-100.674008,5,7636,9/27/2018,                                                
3500B98806110F040D4EBBF0,17403132912,40.454009,-100.678718,9/28/2018,15:01:45,10,Client 1,Farm 1,Field Name,444,1N0C690PPJ4070999       ,Vikki,9999,Farmer ID,11:01:43,52778,6,12.3,232,2385,40.455297,-100.673087,6,9488,9/28/2018,                                                
3500B98806110E040D4EBBEF,17403132911,40.455342,-100.674758,9/28/2018,15:29:43,11,Client 1,Farm 1,Field Name,444,1N0C690PPJ4070999       ,Vikki,9999,Farmer ID,11:29:43,62246,7,12.2,235,2446,40.455651,-100.673651,7,9468,9/28/2018,                                                
3500B98806110D040D4EBBEE,17403132910,40.453714,-100.678887,9/28/2018,15:44:59,11,Client 1,Farm 1,Field Name,444,1N0C690PPJ4070999       ,Vikki,9999,Farmer ID,11:44:59,69921,8,12.4,231,2408,40.455574,-100.673617,8,7675,9/28/2018,                                                
3500B98806110C040D4EBBED,17403132909,40.455275,-100.674306,9/28/2018,15:59:15,11,Client 1,Farm 1,Field Name,444,1N0C690PPJ4070999       ,Vikki,9999,Farmer ID,11:59:13,77336,9,12.2,232,2386,40.455485,-100.673614,9,7415,9/28/2018,                                                
3500B98806110B040D4EBBEC,17403132908,40.45626,-100.675914,9/28/2018,16:29:23,11,Client 1,Farm 1,Field Name,444,1N0C690PPJ4070999       ,Vikki,9999,Farmer ID,12:29:21,85713,10,12.2,234,2418,40.456343,-100.674338,10,8377,9/28/2018,                                                
3500B98806110A040D4EBBEB,17403132907,40.455549,-100.677647,9/28/2018,16:48:33,12,Client 1,Farm 1,Field Name,444,1N0C690PPJ4070999       ,Vikki,9999,Farmer ID,12:48:31,94195,11,12.2,231,2342,40.456507,-100.674713,11,8482,9/28/2018,                                                
3500B988061109040D4EBBEA,17403132906,40.456506,-100.674377,9/28/2018,17:07:31,11,Client 1,Farm 1,Field Name,444,1N0C690PPJ4070999       ,Vikki,9999,Farmer ID,13:07:29,103538,12,12,236,2408,40.456401,-100.674423,12,9343,9/28/2018,                                                
3500B988061108040D4EBBE9,17403132905,40.455648,-100.67884,9/28/2018,18:00:21,12,Client 1,Farm 1,Field Name,444,1N0C690PPJ4070999       ,Vikki,9999,Farmer ID,14:00:19,112697,13,12,234,2341,40.45677,-100.674871,13,9159,9/28/2018,                                                
3500B988061107040D4EBBE8,17403132904,40.456809,-100.675289,9/28/2018,18:20:25,11,Client 1,Farm 1,Field Name,444,1N0C690PPJ4070999       ,Vikki,9999,Farmer ID,14:20:23,121514,14,11.7,234,2250,40.456917,-100.675095,14,8817,9/28/2018,                                                
3500B988061106040D4EBBE7,17403132903,40.456761,-100.67446,9/28/2018,18:47:21,10,Client 1,Farm 1,Field Name,444,1N0C690PPJ4070999       ,Vikki,9999,Farmer ID,14:47:19,129789,15,11.3,234,2280,40.455753,-100.672361,15,8275,9/28/2018,                                                
3500B988061105040D4EBBE6,17403132902,40.457198,-100.674785,9/28/2018,19:10:46,11,Client 1,Farm 1,Field Name,444,1N0C690PPJ4070999       ,Vikki,9999,Farmer ID,15:10:43,138597,16,11.3,232,2174,40.455563,-100.6727,16,8808,9/28/2018,                                                
3500B988061104040D4EBBE5,17403132901,40.455637,-100.672378,9/28/2018,19:31:38,12,Client 1,Farm 1,Field Name,444,1N0C690PPJ4070999       ,Vikki,9999,Farmer ID,15:31:37,147140,17,11.4,224,2080,40.45561,-100.672347,17,8543,9/28/2018,                                                
3500B988061103040D4EBBE4,17403132900,40.565641,-100.720958,9/28/2018,22:55:40,11,Client 1,Farm 2,Field Name,PHY 440,1N0C690PPJ4070999       ,Vikki,9999,Farmer ID,18:55:38,8939,18,11.5,233,2236,40.562178,-100.720088,1,8939,9/28/2018,                                                
3500B988061102040D4EBBE3,17403132899,40.564921,-100.720577,9/28/2018,23:20:26,10,Client 1,Farm 2,Field Name,PHY 440,1N0C690PPJ4070999       ,Vikki,9999,Farmer ID,19:20:24,18064,19,12.1,231,2301,40.562002,-100.721609,2,9125,9/28/2018,                                                
3500B988061101040D4EBBE2,17403132898,40.563716,-100.72169,9/29/2018,0:09:46,10,Client 1,Farm 2,Field Name,PHY 440,1N0C690PPJ4070999       ,Vikki,9999,Farmer ID,20:09:44,26994,20,12.3,231,2411,40.561891,-100.721412,3,8930,9/28/2018,                                                
3500B988061118040D4EBBC9,17403132873,40.564512,-100.721553,9/29/2018,0:44:07,11,Client 1,Farm 2,Field Name,PHY 440,1N0C690PPJ4070999       ,Vikki,9999,Farmer ID,20:44:04,36332,21,12.3,232,2507,40.561983,-100.721125,4,9338,9/28/2018,                                                
3500B988061117040D4EBBC8,17403132872,40.562405,-100.721,9/29/2018,1:02:34,12,Client 1,Farm 2,Field Name,PHY 440,1N0C690PPJ4070999       ,Vikki,9999,Farmer ID,21:02:32,45478,22,12.3,235,2494,40.56197,-100.720995,5,9146,9/28/2018,                                                
3500B988061116040D4EBBC7,17403132871,40.565606,-100.721192,9/29/2018,15:32:48,11,Client 1,Farm 2,Field Name,PHY 440,1N0C690PPJ4070999       ,Vikki,9999,Farmer ID,11:32:46,54630,23,10.8,239,2278,40.562024,-100.720623,6,9152,9/29/2018,                                                
3500B988061115040D4EBBC6,17403132870,40.562076,-100.720367,9/29/2018,15:50:37,11,Client 1,Farm 2,Field Name,PHY 440,1N0C690PPJ4070999       ,Vikki,9999,Farmer ID,11:50:36,63513,24,10.4,234,2166,40.562048,-100.72032,7,8883,9/29/2018,                                                
3500B988061114040D4EBBC5,17403132869,40.562873,-100.72007,9/29/2018,16:11:17,11,Client 1,Farm 2,Field Name,PHY 440,1N0C690PPJ4070999       ,Vikki,9999,Farmer ID,12:11:16,72573,25,9.7,231,2128,40.562234,-100.718267,8,9060,9/29/2018,                                                
3500B988061113040D4EBBC4,17403132868,40.562269,-100.719934,9/29/2018,16:30:47,10,Client 1,Farm 2,Field Name,PHY 440,1N0C690PPJ4070999       ,Vikki,9999,Farmer ID,12:30:46,80774,26,9.7,237,2235,40.562363,-100.71989,9,8201,9/29/2018,                                                
3500B988061112040D4EBBC3,17403132867,40.563229,-100.718558,9/29/2018,16:50:35,12,Client 1,Farm 2,Field Name,PHY 440,1N0C690PPJ4070999       ,Vikki,9999,Farmer ID,12:50:34,89036,27,9.5,232,2192,40.562403,-100.718465,10,8262,9/29/2018,                                                
3500B988061111040D4EBBC2,17403132866,40.562666,-100.718675,9/29/2018,17:05:06,15,Client 1,Farm 2,Field Name,PHY 440,1N0C690PPJ4070999       ,Vikki,9999,Farmer ID,13:05:04,96235,28,9.6,231,2088,40.562413,-100.718678,11,7199,9/29/2018,                                                
3500B988061110040D4EBBC1,17403132865,40.564779,-100.719249,9/29/2018,17:32:47,12,Client 1,Farm 2,Field Name,PHY 440,1N0C690PPJ4070999       ,Vikki,9999,Farmer ID,13:32:44,104873,29,9.4,239,2177,40.5623,-100.718964,12,8638,9/29/2018,                                                
3500B98806110F040D4EBBC0,17403132864,40.564213,-100.719423,9/29/2018,17:52:12,11,Client 1,Farm 2,Field Name,PHY 440,1N0C690PPJ4070999       ,Vikki,9999,Farmer ID,13:52:10,113123,30,9.1,239,2181,40.562274,-100.719164,13,8250,9/29/2018,                                                
3500B98806110E040D4EBBBF,17403132863,40.562078,-100.71928,9/29/2018,18:08:17,11,Client 1,Farm 2,Field Name,PHY 440,1N0C690PPJ4070999       ,Vikki,9999,Farmer ID,14:08:14,121268,31,9,235,2110,40.562244,-100.719464,14,8145,9/29/2018,                                                
3500B98806110D040D4EBBBE,17403132862,40.564588,-100.719928,9/29/2018,18:25:06,15,Client 1,Farm 2,Field Name,PHY 440,1N0C690PPJ4070999       ,Vikki,9999,Farmer ID,14:25:05,129609,32,8.8,232,1996,40.562227,-100.719663,15,8341,9/29/2018,                                                
3500B98806110C040D4EBBBD,17403132861,40.563371,-100.718358,9/29/2018,18:51:44,13,Client 1,Farm 2,Field Name,PHY 440,1N0C690PPJ4070999       ,Vikki,9999,Farmer ID,14:51:43,137785,33,8.7,236,2127,40.562092,-100.718116,16,8176,9/29/2018,                                                
3500B98806110B040D4EBBBC,17403132860,40.562328,-100.718159,9/29/2018,19:19:02,18,Client 1,Farm 2,Field Name,PHY 440,1N0C690PPJ4070999       ,Vikki,9999,Farmer ID,15:19:01,145786,34,8.7,232,1986,40.562463,-100.71812,17,8001,9/29/2018,                                                
3500B98806110A040D4EBBBB,17403132859,40.565083,-100.71705,9/29/2018,19:38:36,12,Client 1,Farm 2,Field Name,PHY 440,1N0C690PPJ4070999       ,Vikki,9999,Farmer ID,15:38:35,153350,35,8.6,234,2076,40.56252,-100.716703,18,7564,9/29/2018,                                                
3500B988061109040D4EBBBA,17403132858,40.564528,-100.717168,9/29/2018,20:05:06,15,Client 1,Farm 2,Field Name,PHY 440,1N0C690PPJ4070999       ,Vikki,9999,Farmer ID,16:05:05,160246,36,8.6,233,2071,40.562439,-100.716895,19,6896,9/29/2018,                                                
3500B988061108040D4EBBB9,17403132857,40.562793,-100.717151,9/29/2018,20:21:49,11,Client 1,Farm 2,Field Name,PHY 440,1N0C690PPJ4070999       ,Vikki,9999,Farmer ID,16:21:47,168630,37,8.5,239,2161,40.562493,-100.717208,20,8384,9/29/2018,                                                
3500B988061107040D4EBBB8,17403132856,40.564082,-100.717551,9/29/2018,20:37:07,12,Client 1,Farm 2,Field Name,PHY 440,1N0C690PPJ4070999       ,Vikki,9999,Farmer ID,16:37:05,176363,38,8.6,239,2183,40.562422,-100.7174,21,7733,9/29/2018,                                                
3500B988061106040D4EBBB7,17403132855,40.563488,-100.717664,9/29/2018,20:50:37,19,Client 1,Farm 2,Field Name,PHY 440,1N0C690PPJ4070999       ,Vikki,9999,Farmer ID,16:50:35,183150,39,8.6,232,2072,40.562443,-100.717608,22,6787,9/29/2018,                                                
3500B988061105040D4EBBB6,17403132854,40.56565,-100.718195,9/29/2018,21:06:42,17,Client 1,Farm 2,Field Name,PHY 440,1N0C690PPJ4070999       ,Vikki,9999,Farmer ID,17:06:41,191329,40,8.7,231,2021,40.56242,-100.717806,23,8179,9/29/2018,                                                
3500B988061104040D4EBBB5,17403132853,40.564006,-100.718208,9/29/2018,21:22:45,10,Client 1,Farm 2,Field Name,PHY 440,1N0C690PPJ4070999       ,Vikki,9999,Farmer ID,17:22:43,199326,41,9,231,2115,40.562402,-100.718006,24,7997,9/29/2018,                                                
3500B988061103040D4EBBB4,17403132852,40.562324,-100.716156,9/29/2018,21:59:33,10,Client 1,Farm 2,Field Name,DP 1646 B2XF,1N0C690PPJ4070999       ,Vikki,9999,Farmer ID,17:59:31,208407,42,9.4,235,2169,40.562736,-100.71635,25,9081,9/29/2018,                                                
3500B988061102040D4EBBB3,17403132851,40.564884,-100.716028,9/29/2018,22:22:03,11,Client 1,Farm 2,Field Name,DP 1646 B2XF,1N0C690PPJ4070999       ,Vikki,9999,Farmer ID,18:22:01,217496,43,9.1,236,2242,40.56263,-100.716285,26,9089,9/29/2018,                                                
3500B988061101040D4EBBB2,17403132850,40.565942,-100.716796,9/29/2018,22:40:48,10,Client 1,Farm 2,Field Name,DP 1646 B2XF,1N0C690PPJ4070999       ,Vikki,9999,Farmer ID,18:40:45,225269,44,9.4,233,2117,40.562712,-100.715831,27,7773,9/29/2018,                                                
3500B988061118040DE464E2,17412941026,40.568983,-100.71681,9/29/2018,23:09:09,10,Client 1,Farm 2,Field Name,DP 1646 B2XF,1N0C690PPJ4070999       ,Vikki,9999,Farmer ID,19:09:07,234493,45,9.9,234,2195,40.562581,-100.715871,28,9224,9/29/2018,                                                
3500B988061117040DE464E1,17412941025,40.567863,-100.716747,9/29/2018,23:28:09,10,Client 1,Farm 2,Field Name,DP 1646 B2XF,1N0C690PPJ4070999       ,Vikki,9999,Farmer ID,19:28:07,242208,46,11.3,231,2249,40.568472,-100.716938,29,7715,9/29/2018,                                                
3500B988061116040DE464E0,17412941024,40.56652,-100.716651,9/29/2018,23:42:23,9,Client 1,Farm 2,Field Name,DP 1646 B2XF,1N0C690PPJ4070999       ,Vikki,9999,Farmer ID,19:42:21,249821,47,11.8,233,2293,40.562544,-100.716112,30,7613,9/29/2018,                                                
3500B988061115040DE464DF,17412941023,40.564002,-100.716385,9/29/2018,23:58:10,11,Client 1,Farm 2,Field Name,DP 1646 B2XF,1N0C690PPJ4070999       ,Vikki,9999,Farmer ID,19:58:07,257994,48,11.5,233,2250,40.562673,-100.716233,31,8173,9/29/2018,                                                
3500B988061114040DE464DE,17412941022,40.564737,-100.715179,9/30/2018,0:16:11,11,Client 1,Farm 2,Field Name,DP 1646 B2XF,1N0C690PPJ4070999       ,Vikki,9999,Farmer ID,20:16:09,265942,49,11.7,231,2243,40.562476,-100.715583,32,7948,9/29/2018,                                                
3500B988061113040DE464DD,17412941021,40.564036,-100.715847,9/30/2018,0:37:39,11,Client 1,Farm 2,Field Name,DP 1646 B2XF,1N0C690PPJ4070999       ,Vikki,9999,Farmer ID,20:37:37,273676,50,12.1,234,2327,40.562517,-100.715655,33,7734,9/29/2018,                                                
3500B988061112040DE464DC,17412941020,40.566362,-100.716001,10/1/2018,14:39:37,11,Client 1,Farm 2,Field Name,DP 1646 B2XF,1N0C690PPJ4070999       ,Vikki,9999,Farmer ID,10:39:36,281157,51,11.5,233,2289,40.562514,-100.715436,34,7481,10/1/2018,                                                
3500B988061111040DE464DB,17412941019,40.565586,-100.715786,10/1/2018,14:53:24,11,Client 1,Farm 2,Field Name,DP 1646 B2XF,1N0C690PPJ4070999       ,Vikki,9999,Farmer ID,10:53:22,288472,52,11.3,233,2246,40.56253,-100.715337,35,7315,10/1/2018,                                                
3500B988061110040DE464DA,17412941018,40.563154,-100.715327,10/1/2018,15:09:19,9,Client 1,Farm 2,Field Name,DP 1646 B2XF,1N0C690PPJ4070999       ,Vikki,9999,Farmer ID,11:09:18,296637,53,11.1,236,2304,40.562665,-100.715197,36,8165,10/1/2018,                                                
3500B98806110F040DE464D9,17412941017,40.564755,-100.715402,10/1/2018,15:25:19,11,Client 1,Farm 2,Field Name,DP 1646 B2XF,1N0C690PPJ4070999       ,Vikki,9999,Farmer ID,11:25:18,305029,54,10.4,236,2238,40.56255,-100.715036,37,8392,10/1/2018,                                                
3500B98806110E040DE464D8,17412941016,40.567898,-100.715761,10/1/2018,15:43:26,11,Client 1,Farm 2,Field Name,DP 1646 B2XF,1N0C690PPJ4070999       ,Vikki,9999,Farmer ID,11:43:26,313567,55,10.4,232,2116,40.56265,-100.714921,38,8538,10/1/2018,                                                
3500B98806110D040DE464D7,17412941015,40.568192,-100.717426,10/1/2018,16:20:03,14,Client 1,Farm 2,Field Name,DP 1646 B2XF,1N0C690PPJ4070999       ,Vikki,9999,Farmer ID,12:20:02,322728,56,10.5,222,1948,40.569178,-100.717218,39,9161,10/1/2018,                                                
3500B98806110C040DE464D4,17412941012,40.569333,-100.720048,10/1/2018,17:14:56,18,Client 2,Farm 1,Field Name,PHY 430,1N0C690PPJ4070999       ,Vikki,9999,Farmer ID,13:14:55,10349,57,10,230,2080,40.569225,-100.722744,1,10349,10/1/2018,                                                
3500B98806110B040DE464D3,17412941011,40.569168,-100.721011,10/1/2018,17:36:39,13,Client 2,Farm 1,Field Name,PHY 430,1N0C690PPJ4070999       ,Vikki,9999,Farmer ID,13:36:39,19993,58,9.6,236,2150,40.569189,-100.722687,2,9644,10/1/2018,                                                
3500B98806110A040DE464D2,17412941010,40.56969,-100.720206,10/1/2018,17:55:36,17,Client 2,Farm 1,Field Name,PHY 430,1N0C690PPJ4070999       ,Vikki,9999,Farmer ID,13:55:35,28348,59,9.3,230,2033,40.569226,-100.722644,3,8355,10/1/2018,                                                
3500B988061109040DE464D1,17412941009,40.56975,-100.721519,10/1/2018,18:14:22,11,Client 2,Farm 1,Field Name,PHY 430,1N0C690PPJ4070999       ,Vikki,9999,Farmer ID,14:14:21,36505,60,9.1,233,2094,40.569124,-100.721425,4,8157,10/1/2018,                                                
3500B988061108040DE464D0,17412941008,40.573981,-100.722296,10/1/2018,18:57:49,15,Client 2,Farm 1,Field Name,PHY 430,1N0C690PPJ4070999       ,Vikki,9999,Farmer ID,14:57:49,45751,61,8.8,232,2085,40.569293,-100.721687,5,9246,10/1/2018,                                                
3500B988061107040DE464CF,17412941007,40.574837,-100.722527,10/1/2018,19:11:31,13,Client 2,Farm 1,Field Name,PHY 430,1N0C690PPJ4070999       ,Vikki,9999,Farmer ID,15:11:31,52556,62,9,232,2052,40.569265,-100.721784,6,6805,10/1/2018,                                                
3500B988061106040DE464CE,17412941006,40.575253,-100.722751,10/1/2018,19:26:06,12,Client 2,Farm 1,Field Name,PHY 430,1N0C690PPJ4070999       ,Vikki,9999,Farmer ID,15:26:05,60139,63,8.9,239,2147,40.569234,-100.721881,7,7583,10/1/2018,                                                
3500B988061105040DE464CD,17412941005,40.57564,-100.72291,10/1/2018,19:38:33,13,Client 2,Farm 1,Field Name,PHY 430,1N0C690PPJ4070999       ,Vikki,9999,Farmer ID,15:38:33,66740,64,8.8,234,2128,40.56931,-100.721994,8,6601,10/1/2018,                                                
3500B988061104040DE464CC,17412941004,40.575578,-100.723003,10/1/2018,19:51:30,12,Client 2,Farm 1,Field Name,PHY 430,1N0C690PPJ4070999       ,Vikki,9999,Farmer ID,15:51:29,73566,65,8.9,232,2091,40.569236,-100.722084,9,6826,10/1/2018,                                                
3500B988061103040DE464CB,17412941003,40.573956,-100.722858,10/1/2018,20:05:47,10,Client 2,Farm 1,Field Name,PHY 430,1N0C690PPJ4070999       ,Vikki,9999,Farmer ID,16:05:47,81194,66,8.9,239,2159,40.569287,-100.722193,10,7628,10/1/2018,                                                
3500B988061102040DE464CA,17412941002,40.573083,-100.722829,10/1/2018,20:19:25,12,Client 2,Farm 1,Field Name,PHY 430,1N0C690PPJ4070999       ,Vikki,9999,Farmer ID,16:19:25,88427,67,8.8,239,2200,40.569223,-100.722287,11,7233,10/1/2018,                                                
3500B988061101040DE464C9,17412941001,40.572186,-100.722796,10/1/2018,20:33:16,10,Client 2,Farm 1,Field Name,PHY 430,1N0C690PPJ4070999       ,Vikki,9999,Farmer ID,16:33:15,95689,68,9.3,232,2126,40.569241,-100.722392,12,7262,10/1/2018,                                                
3500B988061118040DE464B0,17412940976,40.570771,-100.722682,10/1/2018,20:58:14,11,Client 2,Farm 1,Field Name,PHY 430,1N0C690PPJ4070999       ,Vikki,9999,Farmer ID,16:58:13,103209,69,9.1,233,2106,40.569185,-100.722485,13,7520,10/1/2018,                                                
3500B988061117040DE464AF,17412940975,40.569531,-100.722597,10/1/2018,21:12:11,14,Client 2,Farm 1,Field Name,PHY 430,1N0C690PPJ4070999       ,Vikki,9999,Farmer ID,17:12:09,110641,70,9.2,231,2073,40.56926,-100.722599,14,7432,10/1/2018,                                                
3500B988061116040DE464AE,17412940974,40.56976,-100.72144,10/1/2018,21:27:44,13,Client 2,Farm 1,Field Name,PHY 430,1N0C690PPJ4070999       ,Vikki,9999,Farmer ID,17:27:43,118058,71,9.4,232,2092,40.569516,-100.72131,15,7417,10/1/2018,                                                
3500B988061115040DE464AD,17412940973,40.570134,-100.721406,10/1/2018,21:41:00,12,Client 2,Farm 1,Field Name,PHY 430,1N0C690PPJ4070999       ,Vikki,9999,Farmer ID,17:40:59,124612,72,9.3,233,2114,40.569323,-100.721222,16,6554,10/1/2018,                                                
3500B988061114040DE464AC,17412940972,40.569284,-100.721166,10/1/2018,21:55:52,12,Client 2,Farm 1,Field Name,PHY 430,1N0C690PPJ4070999       ,Vikki,9999,Farmer ID,17:55:51,131978,73,9.3,239,2229,40.569338,-100.72108,17,7366,10/1/2018,                                                
3500B988061113040DE464AB,17412940971,40.569406,-100.721031,10/1/2018,22:08:48,11,Client 2,Farm 1,Field Name,PHY 430,1N0C690PPJ4070999       ,Vikki,9999,Farmer ID,18:08:47,138830,74,9.6,231,2145,40.569257,-100.720964,18,6852,10/1/2018,                                                
3500B988061112040DE464AA,17412940970,40.569986,-100.721019,10/1/2018,22:22:12,13,Client 2,Farm 1,Field Name,PHY 430,1N0C690PPJ4070999       ,Vikki,9999,Farmer ID,18:22:11,145919,75,9.9,234,2217,40.569323,-100.720873,19,7089,10/1/2018,                                                
3500B988061111040DE464A9,17412940969,40.569852,-100.720895,10/1/2018,22:34:57,13,Client 2,Farm 1,Field Name,PHY 430,1N0C690PPJ4070999       ,Vikki,9999,Farmer ID,18:34:55,152638,76,10.2,231,2199,40.569324,-100.72077,20,6719,10/1/2018,                                                
3500B988061110040DE464A8,17412940968,40.569642,-100.72076,10/1/2018,22:47:35,10,Client 2,Farm 1,Field Name,PHY 430,1N0C690PPJ4070999       ,Vikki,9999,Farmer ID,18:47:33,159325,77,10.7,231,2242,40.569411,-100.72068,21,6687,10/1/2018,                                                
3500B98806110F040DE464A7,17412940967,40.569736,-100.720672,10/1/2018,23:00:29,10,Client 2,Farm 1,Field Name,PHY 430,1N0C690PPJ4070999       ,Vikki,9999,Farmer ID,19:00:27,166168,78,11.1,231,2245,40.569375,-100.720574,22,6843,10/1/2018,                                                
3500B98806110E040DE464A6,17412940966,40.569921,-100.720599,10/1/2018,23:13:25,7,Client 2,Farm 1,Field Name,PHY 430,1N0C690PPJ4070999       ,Vikki,9999,Farmer ID,19:13:23,173048,79,11.4,233,2214,40.569347,-100.720466,23,6880,10/1/2018,                                                
3500B98806110D040DE464A5,17412940965,40.571525,-100.720745,10/1/2018,23:27:40,11,Client 2,Farm 1,Field Name,PHY 430,1N0C690PPJ4070999       ,Vikki,9999,Farmer ID,19:27:40,180649,80,11.8,239,2430,40.569458,-100.720382,24,7601,10/1/2018,                                                
3500B98806110C040DE464A4,17412940964,40.571644,-100.720664,10/1/2018,23:40:35,11,Client 2,Farm 1,Field Name,PHY 430,1N0C690PPJ4070999       ,Vikki,9999,Farmer ID,19:40:34,187516,81,12,235,2347,40.569373,-100.72027,25,6867,10/1/2018,                                                
3500B98806110B040DE464A3,17412940963,40.572782,-100.720802,10/1/2018,23:54:46,11,Client 2,Farm 1,Field Name,PHY 430,1N0C690PPJ4070999       ,Vikki,9999,Farmer ID,19:54:46,194921,82,12.2,239,2451,40.569337,-100.720346,26,7405,10/1/2018,                                                
3500B98806110A040DE464A2,17412940962,40.57459,-100.720716,10/2/2018,15:22:58,10,Client 2,Farm 1,Field Name,PHY 430,1N0C690PPJ4070999       ,Vikki,9999,Farmer ID,11:22:55,203202,83,11,232,2246,40.569285,-100.720216,27,8281,10/2/2018,                                                
3500B988061109040DE464A1,17412940961,40.572105,-100.720234,10/2/2018,15:41:48,10,Client 2,Farm 1,Field Name,DP 1646 B2XF,1N0C690PPJ4070999       ,Vikki,9999,Farmer ID,11:41:45,211486,84,10.6,239,2353,40.569278,-100.720178,28,8284,10/2/2018,                                                
3500B988061108040DE464A0,17412940960,40.575983,-100.720765,10/2/2018,16:08:31,11,Client 2,Farm 1,Field Name,DP 1646 B2XF,1N0C690PPJ4070999       ,Vikki,9999,Farmer ID,12:08:27,219551,85,10.3,232,2153,40.569367,-100.719712,29,8065,10/2/2018,                                                
3500B988061107040DE4649F,17412940959,40.571276,-100.719945,10/2/2018,16:34:47,9,Client 2,Farm 1,Field Name,DP 1646 B2XF,1N0C690PPJ4070999       ,Vikki,9999,Farmer ID,12:34:45,228296,86,10.3,239,2261,40.56944,-100.719625,30,8745,10/2/2018,                                                
3500B988061106040DE4649E,17412940958,40.571396,-100.719864,10/2/2018,16:47:46,11,Client 2,Farm 1,Field Name,DP 1646 B2XF,1N0C690PPJ4070999       ,Vikki,9999,Farmer ID,12:47:44,235140,87,9.7,239,2167,40.569497,-100.719532,31,6844,10/2/2018,                                                
3500B988061105040DE4649D,17412940957,40.571986,-100.719854,10/2/2018,17:01:10,10,Client 2,Farm 1,Field Name,DP 1646 B2XF,1N0C690PPJ4070999       ,Vikki,9999,Farmer ID,13:01:08,242221,88,9.6,239,2179,40.569426,-100.719421,32,7081,10/2/2018,                                                
3500B988061104040DE4649C,17412940956,40.570908,-100.719589,10/2/2018,17:13:02,10,Client 2,Farm 1,Field Name,DP 1646 B2XF,1N0C690PPJ4070999       ,Vikki,9999,Farmer ID,13:13:00,248448,89,9.5,232,2048,40.56953,-100.719338,33,6227,10/2/2018,                                                
3500B988061103040DE4649B,17412940955,40.570423,-100.719414,10/2/2018,17:25:23,14,Client 2,Farm 1,Field Name,DP 1646 B2XF,1N0C690PPJ4070999       ,Vikki,9999,Farmer ID,13:25:20,254980,90,9.3,231,2039,40.569446,-100.719223,34,6532,10/2/2018,                                                
3500B988061102040DE4649A,17412940954,40.570662,-100.719349,10/2/2018,17:38:22,13,Client 2,Farm 1,Field Name,DP 1646 B2XF,1N0C690PPJ4070999       ,Vikki,9999,Farmer ID,13:38:20,261881,91,9.4,232,2072,40.569481,-100.719127,35,6901,10/2/2018,                                                
3500B988061101040DE46499,17412940953,40.57216,-100.719478,10/2/2018,17:52:31,10,Client 2,Farm 1,Field Name,DP 1646 B2XF,1N0C690PPJ4070999       ,Vikki,9999,Farmer ID,13:52:28,269427,92,9.1,239,2170,40.569539,-100.719035,36,7546,10/2/2018,                                                
3500B988061118040D4EBBB1,17403132849,40.572526,-100.719431,10/2/2018,18:17:43,11,Client 2,Farm 1,Field Name,DP 1646 B2XF,1N0C690PPJ4070999       ,Vikki,9999,Farmer ID,14:17:42,276393,93,9.3,236,2168,40.569338,-100.718621,37,6966,10/2/2018,                                                
3500B988061117040D4EBBB0,17403132848,40.571815,-100.719025,10/2/2018,18:34:27,11,Client 2,Farm 1,Field Name,DP 1646 B2XF,1N0C690PPJ4070999       ,Vikki,9999,Farmer ID,14:34:24,282855,94,9.2,232,2116,40.569523,-100.718662,38,6462,10/2/2018,                                                
3500B988061116040D4EBBAF,17403132847,40.574145,-100.719476,10/2/2018,18:51:21,10,Client 2,Farm 1,Field Name,DP 1646 B2XF,1N0C690PPJ4070999       ,Vikki,9999,Farmer ID,14:51:20,290542,95,9.1,233,2077,40.569427,-100.718916,39,7687,10/2/2018,                                                
3500B988061115040D4EBBAE,17403132846,40.575805,-100.719831,10/2/2018,19:06:14,11,Client 2,Farm 1,Field Name,DP 1646 B2XF,1N0C690PPJ4070999       ,Vikki,9999,Farmer ID,15:06:12,298199,96,9,239,2149,40.569428,-100.718815,40,7657,10/2/2018,                                                
3500B988061114040D4EBBAD,17403132845,40.574707,-100.719334,10/2/2018,19:25:48,12,Client 2,Farm 1,Field Name,DP 1646 B2XF,1N0C690PPJ4070999       ,Vikki,9999,Farmer ID,15:25:46,304688,97,8.9,234,2075,40.569367,-100.718485,41,6489,10/2/2018,                                                
3500B988061113040D4EBBAC,17403132844,40.575676,-100.719374,10/2/2018,19:40:46,10,Client 2,Farm 1,Field Name,DP 1646 B2XF,1N0C690PPJ4070999       ,Vikki,9999,Farmer ID,15:40:44,311975,98,8.8,234,2060,40.569429,-100.718399,42,7287,10/2/2018,                                                
3500B988061112040D4EBBAB,17403132843,40.576267,-100.719314,10/2/2018,19:54:44,14,Client 2,Farm 1,Field Name,DP 1646 B2XF,1N0C690PPJ4070999       ,Vikki,9999,Farmer ID,15:54:40,319002,99,8.9,234,2040,40.569514,-100.718311,43,7027,10/2/2018,                                                
3500B988061111040D4EBBAA,17403132842,40.576253,-100.719286,10/2/2018,20:08:14,12,Client 2,Farm 1,Field Name,DP 1646 B2XF,1N0C690PPJ4070999       ,Vikki,9999,Farmer ID,16:08:12,325794,100,8.9,232,2067,40.569569,-100.718217,44,6792,10/2/2018,                                                
3500B988061110040D4EBBA9,17403132841,40.575873,-100.718162,10/2/2018,20:22:09,11,Client 2,Farm 1,Field Name,DP 1646 B2XF,1N0C690PPJ4070999       ,Vikki,9999,Farmer ID,16:22:06,332785,101,8.8,232,2061,40.569715,-100.71728,45,6991,10/2/2018,                                                
3500B98806110F040D4EBBA8,17403132840,40.574757,-100.718098,10/2/2018,20:39:54,15,Client 2,Farm 1,Field Name,DP 1646 B2XF,1N0C690PPJ4070999       ,Vikki,9999,Farmer ID,16:39:52,340230,102,8.7,233,2072,40.569676,-100.717304,46,7445,10/2/2018,                                                
3500B98806110E040D4EBBA7,17403132839,40.573689,-100.718676,10/2/2018,21:07:45,9,Client 2,Farm 1,Field Name,DP 1646 B2XF,1N0C690PPJ4070999       ,Vikki,9999,Farmer ID,17:07:42,347768,103,9.1,233,2128,40.56956,-100.718062,47,7538,10/2/2018,                                                
3500B98806110D040D4EBBA6,17403132838,40.573979,-100.718619,10/2/2018,21:23:59,12,Client 2,Farm 1,Field Name,DP 1646 B2XF,1N0C690PPJ4070999       ,Vikki,9999,Farmer ID,17:23:56,354430,104,9.6,232,2054,40.569633,-100.717973,48,6662,10/2/2018,                                                
3500B98806110C040D4EBBA5,17403132837,40.573723,-100.718479,10/2/2018,21:37:11,11,Client 2,Farm 1,Field Name,DP 1646 B2XF,1N0C690PPJ4070999       ,Vikki,9999,Farmer ID,17:37:08,361361,105,9.5,231,2086,40.569653,-100.717873,49,6931,10/2/2018,                                                
3500B98806110B040D4EBBA4,17403132836,40.571439,-100.718039,10/2/2018,21:59:37,11,Client 2,Farm 1,Field Name,DP 1646 B2XF,1N0C690PPJ4070999       ,Vikki,9999,Farmer ID,17:59:34,369305,106,9.9,238,2280,40.569633,-100.717771,50,7944,10/2/2018,                                                
3500B98806110A040D4EBBA3,17403132835,40.573203,-100.717991,10/2/2018,22:18:01,9,Client 2,Farm 1,Field Name,DP 1646 B2XF,1N0C690PPJ4070999       ,Vikki,9999,Farmer ID,18:17:58,378383,107,10.3,239,2279,40.569809,-100.717587,51,9078,10/2/2018,                                                
3500B988061109040D4EBBA2,17403132834,40.575787,-100.718475,10/2/2018,22:33:05,9,Client 2,Farm 1,Field Name,DP 1646 B2XF,1N0C690PPJ4070999       ,Vikki,9999,Farmer ID,18:33:02,386455,108,11,231,2240,40.569596,-100.717596,52,8072,10/2/2018,                                                
3500B988061108040D4EBBA1,17403132833,40.57384,-100.718269,10/2/2018,22:49:23,11,Client 2,Farm 1,Field Name,DP 1646 B2XF,1N0C690PPJ4070999       ,Vikki,9999,Farmer ID,18:49:20,394600,109,11.5,235,2250,40.569717,-100.717633,53,8145,10/2/2018,                                                
3500B988061107040D4EBBA0,17403132832,40.567534,-100.720933,10/2/2018,23:32:34,11,Client 1,Farm 3,Field Name,DP 1646 B2XF,1N0C690PPJ4070999       ,Vikki,9999,Farmer ID,19:32:33,333662,110,12.1,231,2342,40.569221,-100.717693,1,333662,10/2/2018,                                                
3500B988061106040D4EBB9F,17403132831,40.568598,-100.718291,10/2/2018,23:55:13,11,Client 1,Farm 3,Field Name,DP 1646 B2XF,1N0C690PPJ4070999       ,Vikki,9999,Farmer ID,19:55:11,341966,111,12.1,236,2418,40.568676,-100.717849,2,8304,10/2/2018,                                                
3500B988061105040D4EBB9E,17403132830,40.568695,-100.7185,10/3/2018,0:09:32,10,Client 1,Farm 3,Field Name,DP 1646 B2XF,1N0C690PPJ4070999       ,Vikki,9999,Farmer ID,20:09:29,349368,112,12.3,232,2336,40.568846,-100.717793,3,7402,10/2/2018,                                                
3500B988061104040D4EBB9D,17403132829,40.568707,-100.719693,10/3/2018,0:25:02,10,Client 1,Farm 3,Field Name,DP 1646 B2XF,1N0C690PPJ4070999       ,Vikki,9999,Farmer ID,20:24:59,356907,113,12.3,233,2365,40.568814,-100.71768,4,7539,10/2/2018,                                                
3500B988061103040D4EBB9C,17403132828,40.568602,-100.722504,10/3/2018,14:24:49,10,Client 1,Farm 3,Field Name,DP 1646 B2XF,1N0C690PPJ4070999       ,Vikki,9999,Farmer ID,10:24:47,363743,114,11.9,231,2257,40.5691,-100.71772,5,6836,10/3/2018,                                                
3500B988061102040D4EBB9B,17403132827,40.568152,-100.720981,10/3/2018,14:44:10,9,Client 1,Farm 3,Field Name,DP 1646 B2XF,1N0C690PPJ4070999       ,Vikki,9999,Farmer ID,10:44:09,371181,115,11.7,232,2255,40.568378,-100.717763,6,7438,10/3/2018,                                                
3500B988061101040D4EBB9A,17403132826,40.568194,-100.71833,10/3/2018,15:05:35,11,Client 1,Farm 3,Field Name,DP 1646 B2XF,1N0C690PPJ4070999       ,Vikki,9999,Farmer ID,11:05:33,381514,116,11.1,232,2229,40.568213,-100.717768,7,10333,10/3/2018,                                                
3500B988061118040D4EBB99,17403132825,40.567614,-100.722245,10/3/2018,15:35:36,12,Client 1,Farm 3,Field Name,DP 1646 B2XF,1N0C690PPJ4070999       ,Vikki,9999,Farmer ID,11:35:35,391728,117,10.7,234,2154,40.567878,-100.717775,8,10214,10/3/2018,                                                
3500B988061117040D4EBB98,17403132824,40.566812,-100.722441,10/3/2018,16:05:48,11,Client 1,Farm 3,Field Name,DP 1646 B2XF,1N0C690PPJ4070999       ,Vikki,9999,Farmer ID,12:05:48,402552,118,9.7,235,2158,40.567549,-100.717916,9,10824,10/3/2018,                                                
3500B988061116040D4EBB97,17403132823,40.566867,-100.717264,10/3/2018,16:47:24,10,Client 1,Farm 3,Field Name,DP 1646 B2XF,1N0C690PPJ4070999       ,Vikki,9999,Farmer ID,12:47:24,415451,119,9.4,233,2118,40.566847,-100.717626,10,12899,10/3/2018,                                                
3500B988061115040D4EBB96,17403132822,40.566465,-100.720121,10/3/2018,17:13:59,10,Client 1,Farm 3,Field Name,DP 1646 B2XF,1N0C690PPJ4070999       ,Vikki,9999,Farmer ID,13:13:58,425091,120,9.1,232,2041,40.566629,-100.71757,11,9640,10/3/2018,                                                
3500B988061114040D4EBB95,17403132821,40.566144,-100.721742,10/3/2018,17:31:21,11,Client 1,Farm 3,Field Name,DP 1646 B2XF,1N0C690PPJ4070999       ,Vikki,9999,Farmer ID,13:31:20,433816,121,8.8,235,2096,40.566469,-100.717508,12,8725,10/3/2018,                                                
3500B988061113040D4EBB94,17403132820,40.566128,-100.719693,10/3/2018,17:49:45,10,Client 1,Farm 3,Field Name,DP 1646 B2XF,1N0C690PPJ4070999       ,Vikki,9999,Farmer ID,13:49:44,443019,122,8.8,233,2075,40.566309,-100.717457,13,9203,10/3/2018,                                                
3500B988061112040D4EBB93,17403132819,40.566601,-100.720959,10/3/2018,18:13:48,11,Client 1,Farm 3,Field Name,DP 1646 B2XF,1N0C690PPJ4070999       ,Vikki,9999,Farmer ID,14:13:46,453254,123,8.7,236,2107,40.566949,-100.717405,14,10235,10/3/2018,                                                
3500B988061111040D4EBB92,17403132818,40.567018,-100.718896,10/3/2018,18:34:21,10,Client 1,Farm 3,Field Name,DP 1646 B2XF,1N0C690PPJ4070999       ,Vikki,9999,Farmer ID,14:34:20,463409,124,8.4,233,2028,40.567194,-100.717454,15,10155,10/3/2018,                                                
3500B988061110040D4EBB91,17403132817,40.566963,-100.72116,10/3/2018,18:52:25,10,Client 1,Farm 3,Field Name,DP 1646 B2XF,1N0C690PPJ4070999       ,Vikki,9999,Farmer ID,14:52:24,472360,125,8.5,232,2023,40.567408,-100.717484,16,8951,10/3/2018,                                                
3500B98806110F040D4EBB90,17403132816,40.567527,-100.717488,10/3/2018,19:15:16,15,Client 1,Farm 3,Field Name,DP 1646 B2XF,1N0C690PPJ4070999       ,Vikki,9999,Farmer ID,15:15:14,481442,126,8.5,234,2029,40.567536,-100.717438,17,9082,10/3/2018,                                                
3500B98806110E040D4EBB8F,17403132815,40.569775,-100.717136,10/3/2018,20:13:16,17,Client 1,Farm 3,Field Name,MIX,1N0C690PPJ4070999       ,Vikki,9999,Farmer ID,16:13:14,402730,127,9.3,233,2114,40.569497,-100.717111,1,402730,10/3/2018,                                                
3500B98806110D040D4EBB8E,17403132814,40.449439,-100.636122,10/4/2018,15:18:24,11,Client 1 ,Farm 4,Field Name,DP 1725,1N0C690PPJ4070999       ,Vikki,9999,Farmer ID,11:18:23,11387,128,11.6,232,2186,40.450289,-100.635356,1,11387,10/4/2018,                                                
3500B98806110C040D4EBB8D,17403132813,40.449805,-100.635182,10/4/2018,15:48:52,11,Client 1 ,Farm 4,Field Name,DP 1725,1N0C690PPJ4070999       ,Vikki,9999,Farmer ID,11:48:51,21115,129,10.8,237,2194,40.450087,-100.634917,2,9728,10/4/2018,                                                
3500B98806110B040D4EBB8C,17403132812,40.448957,-100.635429,10/4/2018,16:11:33,11,Client 1 ,Farm 4,Field Name,DP 1725,1N0C690PPJ4070999       ,Vikki,9999,Farmer ID,12:11:31,30301,130,10.5,233,2097,40.449894,-100.634592,3,9186,10/4/2018,                                                
3500B98806110A040D4EBB8B,17403132811,40.449327,-100.634538,10/4/2018,16:43:05,11,Client 1 ,Farm 4,Field Name,DP 1725,1N0C690PPJ4070999       ,Vikki,9999,Farmer ID,12:43:03,39236,131,9.8,231,2090,40.44969,-100.634146,4,8935,10/4/2018,                                                
3500B988061109040D4EBB8A,17403132810,40.448831,-100.634215,10/4/2018,17:22:39,10,Client 1 ,Farm 4,Field Name,DP 1725,1N0C690PPJ4070999       ,Vikki,9999,Farmer ID,13:22:39,48102,132,9.4,233,2060,40.449496,-100.63366,5,8866,10/4/2018,                                                
3500B988061108040D4EBB89,17403132809,40.448904,-100.633396,10/4/2018,17:47:03,14,Client 1 ,Farm 4,Field Name,DP 1725,1N0C690PPJ4070999       ,Vikki,9999,Farmer ID,13:47:01,55609,133,9.4,230,2007,40.449404,-100.633414,6,7507,10/4/2018,                                                
3500B988061107040D4EBB88,17403132808,40.450007,-100.632659,10/4/2018,18:35:10,12,Client 1 ,Farm 4,Field Name,DP 1725,1N0C690PPJ4070999       ,Vikki,9999,Farmer ID,14:35:07,66374,134,9.9,231,2116,40.450031,-100.632861,7,10765,10/4/2018,                                                
3500B988061106040D4EBB87,17403132807,40.451072,-100.634302,10/4/2018,19:10:29,10,Client 1 ,Farm 4,Field Name,DP 1725,1N0C690PPJ4070999       ,Vikki,9999,Farmer ID,15:10:27,77203,135,9.5,239,2223,40.45012,-100.632765,8,10829,10/4/2018,                                                
3500B988061105040D4EBB86,17403132806,40.450181,-100.634165,10/4/2018,19:35:36,11,Client 1 ,Farm 4,Field Name,DP 1725,1N0C690PPJ4070999       ,Vikki,9999,Farmer ID,15:35:33,86289,136,9.3,237,2090,40.449827,-100.632885,9,9086,10/4/2018,                                                
3500B988061104040D4EBB85,17403132805,40.45033,-100.634308,10/4/2018,19:55:47,11,Client 1 ,Farm 4,Field Name,DP 1725,1N0C690PPJ4070999       ,Vikki,9999,Farmer ID,15:55:45,94233,137,9.4,231,2048,40.449554,-100.632925,10,7944,10/4/2018,                                                
3500B988061103040D4EBB84,17403132804,40.459201,-100.627148,10/4/2018,21:17:28,11,Client 1 ,Farm 4,Field Name,DP 1725,1N0C690PPJ4070999       ,Vikki,9999,Farmer ID,17:17:26,107218,138,9.6,232,2104,40.458314,-100.628793,11,12985,10/4/2018,                                                
3500B988061102040D4EBB83,17403132803,40.458688,-100.627839,10/4/2018,21:41:15,11,Client 1 ,Farm 4,Field Name,DP 1725,1N0C690PPJ4070999       ,Vikki,9999,Farmer ID,17:41:14,116940,139,9.6,234,2148,40.458197,-100.628255,12,9722,10/4/2018,                                                
3500B988061101040D4EBB82,17403132802,40.458168,-100.628572,10/4/2018,21:55:43,10,Client 1 ,Farm 4,Field Name,DP 1725,1N0C690PPJ4070999       ,Vikki,9999,Farmer ID,17:55:42,124954,140,9.8,233,2089,40.458296,-100.628746,13,8014,10/4/2018,                                                
3500B988061118040DE46498,17412940952,40.458606,-100.629349,10/4/2018,22:27:54,11,Client 1 ,Farm 4,Field Name,DP 1725,1N0C690PPJ4070999       ,Vikki,9999,Farmer ID,18:27:52,133818,141,10.4,232,2118,40.458529,-100.62893,14,8864,10/4/2018,                                                
3500B988061117040DE46497,17412940951,40.459516,-100.628389,10/4/2018,22:47:03,11,Client 1 ,Farm 4,Field Name,DP 1725,1N0C690PPJ4070999       ,Vikki,9999,Farmer ID,18:47:02,142326,142,11.5,235,2243,40.458684,-100.629168,15,8508,10/4/2018,                                                
3500B988061116040DE46496,17412940950,40.459156,-100.629123,10/4/2018,23:25:23,8,Client 1 ,Farm 4,Field Name,DP 1725,1N0C690PPJ4070999       ,Vikki,9999,Farmer ID,19:25:22,152724,143,11.9,235,2235,40.458689,-100.629496,16,10398,10/4/2018,                                                
3500B988061115040DE46495,17412940949,40.456266,-100.632945,10/5/2018,14:43:09,11,Client 1 ,Farm 4,Field Name,DP 1725,1N0C690PPJ4070999       ,Vikki,9999,Farmer ID,10:43:07,163194,144,12,239,2336,40.458154,-100.631419,17,10470,10/5/2018,                                                
3500B988061114040DE46494,17412940948,40.458275,-100.631783,10/5/2018,15:17:59,11,Client 1 ,Farm 4,Field Name,DP 1725,1N0C690PPJ4070999       ,Vikki,9999,Farmer ID,11:17:57,174117,145,11.4,237,2208,40.457981,-100.631852,18,10923,10/5/2018,                                                
3500B988061113040DE46493,17412940947,40.455943,-100.632651,10/5/2018,15:38:38,10,Client 1 ,Farm 4,Field Name,DP 1725,1N0C690PPJ4070999       ,Vikki,9999,Farmer ID,11:38:37,182358,146,10.9,235,2112,40.458014,-100.631297,19,8241,10/5/2018,                                                
3500B988061112040DE46492,17412940946,40.456953,-100.631986,10/5/2018,16:01:51,10,Client 1 ,Farm 4,Field Name,DP 1725,1N0C690PPJ4070999       ,Vikki,9999,Farmer ID,12:01:49,190859,147,10.2,239,2224,40.45785,-100.631191,20,8501,10/5/2018,                                                
3500B988061111040DE46491,17412940945,40.456563,-100.632371,10/5/2018,16:06:57,37,Client 1 ,Farm 4,Field Name,DP 1725,1N0C690PPJ4070999       ,Vikki,9999,Farmer ID,12:06:55,192453,148,10.1,102,466,40.458092,-100.631095,21,1594,10/5/2018,                                                
3500B988061110040DE46490,17412940944,40.463266,-100.669808,10/5/2018,16:59:40,11,Client 1 ,Farm 5,Field Name,PHY 444 WRF,1N0C690PPJ4070999       ,Vikki,9999,Farmer ID,12:59:37,8498,149,9.9,232,2196,40.462316,-100.671064,1,8498,10/5/2018,                                                
3500B98806110F040DE4648F,17412940943,40.462827,-100.672243,10/5/2018,17:28:39,11,Client 1 ,Farm 5,Field Name,PHY 444 WRF,1N0C690PPJ4070999       ,Vikki,9999,Farmer ID,13:28:37,18218,150,10.3,239,2324,40.460328,-100.673901,2,9720,10/5/2018,                                                
3500B98806110E040DE4648E,17412940942,40.464015,-100.677308,10/5/2018,17:47:06,11,Client 1 ,Farm 5,Field Name,PHY 444 WRF,1N0C690PPJ4070999       ,Vikki,9999,Farmer ID,13:47:03,26966,151,9.5,233,2177,40.460304,-100.673859,3,8748,10/5/2018,                                                
3500B98806110D040DE4648D,17412940941,40.464778,-100.674886,10/5/2018,18:07:23,11,Client 1 ,Farm 5,Field Name,PHY 444 WRF,1N0C690PPJ4070999       ,Vikki,9999,Farmer ID,14:07:22,35111,152,9.9,234,2182,40.460441,-100.673932,4,8145,10/5/2018,                                                
3500B98806110C040DE4648C,17412940940,40.46058,-100.674198,10/5/2018,18:40:59,11,Client 1 ,Farm 5,Field Name,PHY 444 WRF,1N0C690PPJ4070999       ,Vikki,9999,Farmer ID,14:40:58,45270,153,9.2,233,2146,40.460403,-100.67389,5,10159,10/5/2018,                                                
3500B98806110B040DE4648B,17412940939,40.462984,-100.677668,10/5/2018,19:06:31,11,Client 1 ,Farm 5,Field Name,PHY 444 WRF,1N0C690PPJ4070999       ,Vikki,9999,Farmer ID,15:06:30,54751,154,8.6,238,2208,40.460464,-100.673793,6,9481,10/5/2018,                                                
3500B98806110A040DE4648A,17412940938,40.462245,-100.676898,10/5/2018,19:21:58,11,Client 1 ,Farm 5,Field Name,PHY 444 WRF,1N0C690PPJ4070999       ,Vikki,9999,Farmer ID,15:21:56,62710,155,9.1,232,2126,40.460596,-100.673673,7,7959,10/5/2018,                                                
3500B988061109040DE46489,17412940937,40.46283,-100.677564,10/5/2018,19:38:54,10,Client 1 ,Farm 5,Field Name,PHY 444 WRF,1N0C690PPJ4070999       ,Vikki,9999,Farmer ID,15:38:52,71445,156,8.9,232,2101,40.460694,-100.673554,8,8735,10/5/2018,                                                
3500B988061108040DE46488,17412940936,40.461815,-100.675534,10/5/2018,19:57:37,12,Client 1 ,Farm 5,Field Name,PHY 444 WRF,1N0C690PPJ4070999       ,Vikki,9999,Farmer ID,15:57:36,80747,157,9,231,2096,40.460784,-100.673564,9,9302,10/5/2018,                                                
3500B988061107040DE46487,17412940935,40.460875,-100.673134,10/5/2018,20:14:35,12,Client 1 ,Farm 5,Field Name,PHY 444 WRF,1N0C690PPJ4070999       ,Vikki,9999,Farmer ID,16:14:34,90189,158,9,234,2133,40.461003,-100.673133,10,9442,10/5/2018,                                                
3500B988061106040DE46486,17412940934,40.461465,-100.673719,10/5/2018,20:31:51,12,Client 1 ,Farm 5,Field Name,PHY 444 WRF,1N0C690PPJ4070999       ,Vikki,9999,Farmer ID,16:31:50,99022,159,8.8,234,2168,40.461129,-100.673,11,8833,10/5/2018,                                                
3500B988061105040DE46485,17412940933,40.46231,-100.674811,10/5/2018,20:52:40,10,Client 1 ,Farm 5,Field Name,PHY 444 WRF,1N0C690PPJ4070999       ,Vikki,9999,Farmer ID,16:52:38,108256,160,8.9,234,2121,40.461327,-100.673079,12,9234,10/5/2018,                                                
3500B988061104040DE46484,17412940932,40.462468,-100.674832,10/5/2018,21:12:29,11,Client 1 ,Farm 5,Field Name,PHY 444 WRF,1N0C690PPJ4070999       ,Vikki,9999,Farmer ID,17:12:28,118409,161,8.9,235,2185,40.461405,-100.67271,13,10153,10/5/2018,                                                
3500B988061103040DE46483,17412940931,40.461671,-100.672835,10/5/2018,21:42:52,10,Client 1 ,Farm 5,Field Name,PHY 444 WRF,1N0C690PPJ4070999       ,Vikki,9999,Farmer ID,17:42:50,128338,162,8.9,232,2169,40.461585,-100.672593,14,9929,10/5/2018,                                                
3500B988061102040DE46482,17412940930,40.461601,-100.672435,10/5/2018,22:01:43,12,Client 1 ,Farm 5,Field Name,PHY 444 WRF,1N0C690PPJ4070999       ,Vikki,9999,Farmer ID,18:01:40,136955,163,9.4,232,2181,40.46166,-100.672362,15,8617,10/5/2018,                                                
3500B988061101040DE46481,17412940929,40.464112,-100.676761,10/5/2018,22:30:50,11,Client 1 ,Farm 5,Field Name,PHY 444 WRF,1N0C690PPJ4070999       ,Vikki,9999,Farmer ID,18:30:48,148101,164,9.6,239,2366,40.461772,-100.672375,16,11146,10/5/2018,                                                
3500B988061118040DE46467,17412940903,40.460523,-100.673451,10/5/2018,22:55:25,13,Client 1 ,Farm 5,Field Name,PHY 444 WRF,1N0C690PPJ4070999       ,Vikki,9999,Farmer ID,18:55:22,159301,165,11,228,2260,40.460592,-100.673773,17,11200,10/5/2018,                                                
3500B988061117040DE46466,17412940902,40.464449,-100.675843,10/6/2018,16:15:14,11,Client 1 ,Farm 5,Field Name,PHY 444 WRF,1N0C690PPJ4070999       ,Vikki,9999,Farmer ID,12:15:12,170827,166,12.6,232,2449,40.462208,-100.67148,18,11526,10/6/2018,                                                
3500B988061116040DE46465,17412940901,40.462046,-100.671629,10/6/2018,16:36:31,10,Client 1 ,Farm 5,Field Name,PHY 444 WRF,1N0C690PPJ4070999       ,Vikki,9999,Farmer ID,12:36:30,181988,167,12.5,233,2377,40.462304,-100.671737,19,11161,10/6/2018,                                                
3500B988061115040DE46464,17412940900,40.464044,-100.674683,10/6/2018,16:59:55,10,Client 1 ,Farm 5,Field Name,PHY 444 WRF,1N0C690PPJ4070999       ,Vikki,9999,Farmer ID,12:59:54,192520,168,12.7,231,2359,40.462865,-100.672357,20,10532,10/6/2018,                                                
3500B988061114040DE46463,17412940899,40.463886,-100.674194,10/6/2018,17:20:28,11,Client 1 ,Farm 5,Field Name,PHY 444 WRF,1N0C690PPJ4070999       ,Vikki,9999,Farmer ID,13:20:26,201952,169,12.7,234,2431,40.461017,-100.673116,21,9432,10/6/2018,                                                
3500B988061113040DE46462,17412940898,40.455613,-100.671823,10/6/2018,17:56:08,11,Client 1 ,Farm 5,Field Name,PHY 444 WRF,1N0C690PPJ4070999       ,Vikki,9999,Farmer ID,13:56:06,212997,170,12.5,238,2487,40.455711,-100.672164,22,11045,10/6/2018,                                                
3500B988061112040DE46461,17412940897,40.456058,-100.671845,10/6/2018,18:20:39,11,Client 1 ,Farm 5,Field Name,PHY 444 WRF,1N0C690PPJ4070999       ,Vikki,9999,Farmer ID,14:20:38,222568,171,12.3,233,2390,40.455734,-100.671927,23,9571,10/6/2018,                                                
3500B988061111040DE46460,17412940896,40.457447,-100.673614,10/6/2018,18:40:58,7,Client 1 ,Farm 5,Field Name,PHY 444 WRF,1N0C690PPJ4070999       ,Vikki,9999,Farmer ID,14:40:56,232274,172,12.1,231,2334,40.455869,-100.671662,24,9706,10/6/2018,                                                
3500B988061110040DE4645F,17412940895,40.458151,-100.673293,10/6/2018,19:06:53,11,Client 1 ,Farm 5,Field Name,PHY 444 WRF,1N0C690PPJ4070999       ,Vikki,9999,Farmer ID,15:06:52,240911,173,12.3,234,2366,40.456008,-100.671273,25,8637,10/6/2018,                                                
3500B98806110F040DE4645E,17412940894,40.457824,-100.673235,10/6/2018,19:24:43,11,Client 1 ,Farm 5,Field Name,PHY 444 WRF,1N0C690PPJ4070999       ,Vikki,9999,Farmer ID,15:24:42,249425,174,12.3,233,2345,40.456083,-100.671081,26,8514,10/6/2018,                                                
3500B98806110E040DE4645D,17412940893,40.458525,-100.668238,10/6/2018,19:46:04,11,Client 1 ,Farm 5,Field Name,PHY 444 WRF,1N0C690PPJ4070999       ,Vikki,9999,Farmer ID,15:46:02,258112,175,12.2,231,2327,40.460921,-100.672232,27,8687,10/6/2018,                                                
3500B98806110D040DE4645C,17412940892,40.46021,-100.670512,10/6/2018,20:10:04,11,Client 1 ,Farm 5,Field Name,PHY 444 WRF,1N0C690PPJ4070999       ,Vikki,9999,Farmer ID,16:10:02,268132,176,11.7,233,2279,40.461018,-100.67221,28,10020,10/6/2018,                                                
3500B98806110C040DE4645B,17412940891,40.459695,-100.670391,10/6/2018,20:31:24,11,Client 1 ,Farm 5,Field Name,PHY 444 WRF,1N0C690PPJ4070999       ,Vikki,9999,Farmer ID,16:31:22,279172,177,12.1,234,2307,40.461124,-100.672054,29,11040,10/6/2018,                                                
3500B98806110B040DE4645A,17412940890,40.459,-100.669223,10/6/2018,20:51:24,10,Client 1 ,Farm 5,Field Name,PHY 444 WRF,1N0C690PPJ4070999       ,Vikki,9999,Farmer ID,16:51:22,290320,178,12.1,232,2298,40.46123,-100.671899,30,11148,10/6/2018,                                                
3500B98806110A040DE46459,17412940889,40.457879,-100.666183,10/6/2018,21:15:42,11,Client 1 ,Farm 5,Field Name,PHY 444 WRF,1N0C690PPJ4070999       ,Vikki,9999,Farmer ID,17:15:40,300493,179,12.1,236,2394,40.461422,-100.671733,31,10173,10/6/2018,                                                
3500B988061109040DE46458,17412940888,40.461725,-100.67121,10/6/2018,21:37:21,10,Client 1 ,Farm 5,Field Name,PHY 444 WRF,1N0C690PPJ4070999       ,Vikki,9999,Farmer ID,17:37:18,309789,180,12,232,2322,40.46148,-100.671663,32,9296,10/6/2018,                                                
3500B988061108040DE46457,17412940887,40.460152,-100.669897,10/6/2018,22:01:26,10,Client 1 ,Farm 5,Field Name,PHY 444 WRF,1N0C690PPJ4070999       ,Vikki,9999,Farmer ID,18:01:25,320670,181,12,233,2247,40.461517,-100.671564,33,10881,10/6/2018,                                                
3500B988061107040DE46456,17412940886,40.458219,-100.667161,10/6/2018,22:18:59,11,Client 1 ,Farm 5,Field Name,PHY 444 WRF,1N0C690PPJ4070999       ,Vikki,9999,Farmer ID,18:18:57,330489,182,12.2,231,2332,40.461617,-100.6714,34,9819,10/6/2018,                                                
3500B988061106040DE46455,17412940885,40.46181,-100.671538,10/6/2018,22:45:10,9,Client 1 ,Farm 5,Field Name,PHY 444 WRF,1N0C690PPJ4070999       ,Vikki,9999,Farmer ID,18:45:09,342769,183,12.7,237,2486,40.461831,-100.671527,35,12280,10/6/2018,                                                
3500B988061105040DE46454,17412940884,40.457663,-100.671757,10/8/2018,15:04:05,11,Client 1 ,Farm 5,Field Name,PHY 444 WRF,1N0C690PPJ4070999       ,Vikki,9999,Farmer ID,11:04:03,351700,184,10.4,237,2866,40.456198,-100.670721,36,8931,10/8/2018,                                                
3500B988061104040DE46453,17412940883,40.456924,-100.67154,10/8/2018,15:43:05,11,Client 1 ,Farm 5,Field Name,PHY 444 WRF,1N0C690PPJ4070999       ,Vikki,9999,Farmer ID,11:43:03,361865,185,11.7,239,2818,40.456407,-100.670198,37,10165,10/8/2018,                                                
3500B988061103040DE46452,17412940882,40.456566,-100.670884,10/8/2018,16:02:21,10,Client 1 ,Farm 5,Field Name,PHY 444 WRF,1N0C690PPJ4070999       ,Vikki,9999,Farmer ID,12:02:19,370966,186,12.7,237,2650,40.456279,-100.670467,38,9101,10/8/2018,                                                
3500B988061102040DE46451,17412940881,40.457147,-100.671399,10/8/2018,16:18:15,11,Client 1 ,Farm 5,Field Name,PHY 444 WRF,1N0C690PPJ4070999       ,Vikki,9999,Farmer ID,12:18:13,379347,187,12.5,237,2614,40.456392,-100.670465,39,8381,10/8/2018,                                                
3500B988061101040DE46450,17412940880,40.457013,-100.670579,10/8/2018,16:44:18,11,Client 1 ,Farm 5,Field Name,PHY 444 WRF,1N0C690PPJ4070999       ,Vikki,9999,Farmer ID,12:44:15,389475,188,12.6,239,2623,40.459722,-100.673878,40,10128,10/8/2018,                                                
3500B988061118040DE4641F,17412940831,40.456719,-100.67001,10/8/2018,17:07:55,11,Client 1 ,Farm 5,Field Name,PHY 444 WRF,1N0C690PPJ4070999       ,Vikki,9999,Farmer ID,13:07:53,398542,189,12.5,237,2482,40.459973,-100.673624,41,9067,10/8/2018,                                                
3500B988061117040DE4641E,17412940830,40.457127,-100.668555,10/8/2018,17:33:57,11,Client 1 ,Farm 5,Field Name,PHY 444 WRF,1N0C690PPJ4070999       ,Vikki,9999,Farmer ID,13:33:55,408040,190,12.5,238,2464,40.460478,-100.672754,42,9498,10/8/2018,                                                
3500B988061116040DE4641D,17412940829,40.459652,-100.671001,10/8/2018,18:03:25,11,Client 1 ,Farm 5,Field Name,PHY 444 WRF,1N0C690PPJ4070999       ,Vikki,9999,Farmer ID,14:03:23,421967,191,12.1,238,2433,40.460857,-100.672586,43,13927,10/8/2018,                                                
3500B988061115040DE4641C,17412940828,40.459315,-100.670863,10/8/2018,18:22:13,11,Client 1 ,Farm 5,Field Name,PHY 444 WRF,1N0C690PPJ4070999       ,Vikki,9999,Farmer ID,14:22:11,432148,192,12,239,2457,40.460709,-100.672687,44,10181,10/8/2018,                                                
3500B988061114040DE4641B,17412940827,40.457994,-100.669516,10/8/2018,18:42:07,11,Client 1 ,Farm 5,Field Name,PHY 444 WRF,1N0C690PPJ4070999       ,Vikki,9999,Farmer ID,14:42:06,442956,193,12.1,237,2394,40.460718,-100.672882,45,10808,10/8/2018,                                                
3500B988061113040DE4641A,17412940826,40.461816,-100.667224,10/8/2018,19:08:19,11,Client 1 ,Farm 5,Field Name,PHY 444 WRF,1N0C690PPJ4070999       ,Vikki,9999,Farmer ID,15:08:18,452322,194,12.3,237,2486,40.463474,-100.669344,46,9366,10/8/2018,                                                
3500B988061112040DE46419,17412940825,40.461482,-100.670729,10/8/2018,19:27:50,11,Client 1 ,Farm 5,Field Name,PHY 444 WRF,1N0C690PPJ4070999       ,Vikki,9999,Farmer ID,15:27:48,460647,195,12.3,237,2474,40.462242,-100.670904,47,8325,10/8/2018,                                                
3500B988061111040DE46418,17412940824,40.45834,-100.666659,10/8/2018,19:49:40,11,Client 1 ,Farm 5,Field Name,PHY 444 WRF,1N0C690PPJ4070999       ,Vikki,9999,Farmer ID,15:49:38,470534,196,11.9,236,2386,40.461873,-100.671088,48,9887,10/8/2018,                                                
3500B988061110040DE46417,17412940823,40.460597,-100.669325,10/8/2018,20:06:55,11,Client 1 ,Farm 5,Field Name,PHY 444 WRF,1N0C690PPJ4070999       ,Vikki,9999,Farmer ID,16:06:52,480107,197,12,239,2358,40.462012,-100.670975,49,9573,10/8/2018,                                                
3500B98806110F040DE46416,17412940822,40.46042,-100.668872,10/8/2018,20:23:57,11,Client 1 ,Farm 5,Field Name,PHY 444 WRF,1N0C690PPJ4070999       ,Vikki,9999,Farmer ID,16:23:54,489597,198,11.7,237,2273,40.462052,-100.670882,50,9490,10/8/2018,                                                
3500B98806110E040DE46415,17412940821,40.459143,-100.665863,10/8/2018,20:50:27,11,Client 1 ,Farm 5,Field Name,PHY 444 WRF,1N0C690PPJ4070999       ,Vikki,9999,Farmer ID,16:50:24,499389,199,11.6,239,2332,40.46265,-100.670402,51,9792,10/8/2018,                                                
3500B98806110D040DE46414,17412940820,40.46038,-100.668383,10/8/2018,21:09:19,11,Client 1 ,Farm 5,Field Name,PHY 444 WRF,1N0C690PPJ4070999       ,Vikki,9999,Farmer ID,17:09:16,508010,200,11.9,238,2310,40.462253,-100.670712,52,8621,10/8/2018,                                                
3500B98806110C040DE46413,17412940819,40.460634,-100.6685,10/8/2018,21:25:34,11,Client 1 ,Farm 5,Field Name,PHY 444 WRF,1N0C690PPJ4070999       ,Vikki,9999,Farmer ID,17:25:32,516786,201,11.9,239,2361,40.462369,-100.670568,53,8776,10/8/2018,                                                
3500B98806110B040DE46412,17412940818,40.461095,-100.668858,10/8/2018,21:43:15,11,Client 1 ,Farm 5,Field Name,PHY 444 WRF,1N0C690PPJ4070999       ,Vikki,9999,Farmer ID,17:43:12,526658,202,12,237,2321,40.462424,-100.670493,54,9872,10/8/2018,                                                
3500B98806110A040DE46411,17412940817,40.45966,-100.666822,10/8/2018,21:59:37,10,Client 1 ,Farm 5,Field Name,PHY 444 WRF,1N0C690PPJ4070999       ,Vikki,9999,Farmer ID,17:59:34,535920,203,12.1,237,2430,40.462605,-100.670495,55,9262,10/8/2018,                                                
3500B988061109040DE46410,17412940816,40.461587,-100.667994,10/8/2018,22:27:24,11,Client 1 ,Farm 5,Field Name,PHY 444 WRF,1N0C690PPJ4070999       ,Vikki,9999,Farmer ID,18:27:22,545466,204,12.1,238,2412,40.463136,-100.669927,56,9546,10/8/2018,                                                
3500B988061108040DE4640F,17412940815,40.461822,-100.669119,10/8/2018,22:44:32,11,Client 1 ,Farm 5,Field Name,PHY 444 WRF,1N0C690PPJ4070999       ,Vikki,9999,Farmer ID,18:44:30,553803,205,12.3,238,2439,40.46272,-100.670121,57,8337,10/8/2018,                                                
3500B988061107040DE4640E,17412940814,40.460295,-100.666936,10/8/2018,23:02:26,11,Client 1 ,Farm 5,Field Name,PHY 444 WRF,1N0C690PPJ4070999       ,Vikki,9999,Farmer ID,19:02:24,563838,206,12.5,238,2451,40.462765,-100.670029,58,10035,10/8/2018,                                                
3500B988061106040DE4640D,17412940813,40.460207,-100.666613,10/8/2018,23:20:54,11,Client 1 ,Farm 5,Field Name,PHY 444 WRF,1N0C690PPJ4070999       ,Vikki,9999,Farmer ID,19:20:52,574021,207,12.6,238,2477,40.462913,-100.669924,59,10183,10/8/2018,                                                
3500B988061105040DE4640C,17412940812,40.461682,-100.668268,10/8/2018,23:38:43,10,Client 1 ,Farm 5,Field Name,PHY 444 WRF,1N0C690PPJ4070999       ,Vikki,9999,Farmer ID,19:38:40,583776,208,12.6,236,2497,40.462919,-100.669849,60,9755,10/8/2018,                                                
3500B988061104040DE4640B,17412940811,40.462972,-100.669453,10/9/2018,0:04:18,11,Client 1 ,Farm 5,Field Name,PHY 444 WRF,1N0C690PPJ4070999       ,Vikki,9999,Farmer ID,20:04:16,595281,209,12.5,236,2515,40.463099,-100.669553,61,11505,10/8/2018,                                                
3500B988061103040DE4640A,17412940810,40.459524,-100.664832,10/9/2018,0:21:58,11,Client 1 ,Farm 5,Field Name,PHY 444 WRF,1N0C690PPJ4070999       ,Vikki,9999,Farmer ID,20:21:54,604902,210,12.1,237,2583,40.463254,-100.66946,62,9621,10/8/2018,                                                
3500B988061102040DE46409,17412940809,40.461518,-100.667094,10/9/2018,0:43:02,11,Client 1 ,Farm 5,Field Name,PHY 444 WRF,1N0C690PPJ4070999       ,Vikki,9999,Farmer ID,20:43:00,616618,211,12.4,239,2597,40.463329,-100.669315,63,11716,10/8/2018,                                                
